{
  "input": "/Users/island/Desktop/Pal5/final_g25_preproc.fits",
  "iso": "/Users/island/Desktop/Pal5/pal5.dat",
  "step2_summary": "/Users/island/Desktop/Pal5/step2_outputs/pal5_step2_summary.json",
  "mu_prior": "/Users/island/Desktop/Pal5/step3b_outputs_control/pal5_step3b_mu_prior.txt",
  "output_members": "/Users/island/Desktop/Pal5/step4b_outputs/pal5_step4b_refined_members.fits",
  "n_zparent_total": 2525069,
  "n_anchor_total": 15,
  "n_anchor_success": 12,
  "phi1_anchor_min": -19.0,
  "phi1_anchor_max": 9.0,
  "anchor_step": 2.0,
  "anchor_window_half": 1.5,
  "on_halfwidth": 0.4,
  "off_inner": 0.8,
  "off_outer": 1.6,
  "dm_scan_half": 0.4,
  "dm_scan_step": 0.01,
  "alignment": {
    "dmu": -0.10999999999999999,
    "dc0": 0.009999999999999981,
    "dc1": 0.020000000000000004,
    "dm_cluster_best": 16.725,
    "dm_trailing_best": 16.698639180087966,
    "dm_leading_best": 16.283768004764145
  },
  "score_region": {
    "gmin": 19.8,
    "gmax": 21.7,
    "model_gr_min": 0.12,
    "model_gr_max": 0.58,
    "blue_veto_gr_max": 0.15,
    "blue_veto_gmin": 21.5
  },
  "cutflow": {
    "input": 13520015,
    "finite_grz": 13520015,
    "strict_mag": 3916769,
    "z_locus": 2525070,
    "iso_variable_dm": 451842,
    "refined_selected": 451842
  },
  "dm_track": {
    "dm_cluster_best": 16.725,
    "dm_trailing_best_step2": 16.698639180087966,
    "dm_leading_best_step2": 16.283768004764145,
    "dm_raw_min": 16.51376800476413,
    "dm_raw_max": 17.098639180088092,
    "dm_interp_min": 16.56981654910983,
    "dm_interp_max": 16.964870685676786,
    "dm_at_phi1_minus15": 16.82502260815461,
    "dm_at_phi1_0": 16.689863166725903,
    "dm_at_phi1_plus8": 16.56981654910983
  }
}